{
    // ---------------------------
    // 整车静平衡计算设置
	// 
    "sim_name"  : "auto_sim",
    // 计算形式
    "mode"      : "interactive",
    // 档位
    "gear"      : 0,
    // 计算类型： settle | normal
    "sim_type"  : "normal",

    // ---------------------------
	// 后处理
    // 车辆状态数据记录
    "record_path" : "vehicle_static.csv",
    
    // ---------------------------
    // 弹簧预载荷相关设置
    // 空气弹簧路径
    "preload_path" : "acar_full_static_preload_01.spr"   
}