{
    // 制动计算设置
	"sim_name"  : "auto_sim",
    "t_end"  	: 10,
    "step"      : 1000,
    "mode"      : "interactive",
    "steer"     : "locked",
    "t_start"	: 1,
    "gear"      : 1,
    "duration"  : 0.6,
    // 最大制动值
    "brake_max": 100,

    // 后处理
    // request 设置(可调)
    "requests"  : "chassis_displacements,chassis_displacements,chassis_displacements,chassis_displacements,chassis_velocities,chassis_accelerations",
    // component 设置(可调)
    "components": "longitudinal,lateral,vertical,pitch,longitudinal,longitudinal",
    // 注释
    "comments"   : "x_dis, y_dis, z_dis, pitch, velocity, x_acc",
    // req单位
    "req_units" : "mm,mm,mm,rad,velocity,g",
    

    // 迭代计算控制
    // 迭代目标最大加速度 g
    "target_g": 0.5,
    // 迭代容差 g
    "target_tolerance_g" : 0.05,
    // 最大迭代次数
    "maxit": 5,
    // 增益比值
    "gainit": 0.8,

    
    // 初始车速选择
    "velocity_list" : "60,30"
}