{
    // 制动计算设置
	"sim_name"  : "auto_sim",
    "t_end"  	: 10,
    "step"      : 1000,
    "mode"      : "interactive",
    "steer"     : "locked",
    "t_start"	: 1,
    "gear"      : 1,
    "duration"  : 0.6,
    "requests"  : "chassis_displacements,chassis_displacements,chassis_displacements,chassis_displacements,chassis_velocities,chassis_accelerations",
    "components": "longitudinal,lateral,vertical,pitch,longitudinal,longitudinal",
    "comments"   : "x_dis, y_dis, z_dis, pitch, velocity, x_acc",
    // req单位
    "req_units" : "mm,mm,mm,rad,velocity,g",
    // 迭代目标最大加速度 g
    "target_g": 0.5,
    // 迭代容差 g
    "target_tolerance_g" : 0.01,
    // 初始车速选择
    "velocity_list" : "60,30"
}